instance,seed,algorithm,objective,coverage_pct,runtime_sec,num_facilities,budget_used,num_moves,num_iterations,facilities
test_tiny,42,greedy,142.0,93.42105263157895,7.939338684082031e-05,2,4.0,0,0,"2,3"
test_tiny,42,closest_neighbor,142.0,93.42105263157895,4.6253204345703125e-05,2,4.0,0,0,"2,3"
test_tiny,43,greedy,142.0,93.42105263157895,7.462501525878906e-05,2,4.0,0,0,"2,3"
test_tiny,43,closest_neighbor,142.0,93.42105263157895,8.58306884765625e-05,2,4.0,0,0,"2,3"
test_tiny,44,greedy,142.0,93.42105263157895,6.031990051269531e-05,2,4.0,0,0,"2,3"
test_tiny,44,closest_neighbor,142.0,93.42105263157895,7.939338684082031e-05,2,4.0,0,0,"2,3"
test_tiny,45,greedy,142.0,93.42105263157895,9.942054748535156e-05,2,4.0,0,0,"2,3"
test_tiny,45,closest_neighbor,142.0,93.42105263157895,8.392333984375e-05,2,4.0,0,0,"2,3"
test_tiny,46,greedy,142.0,93.42105263157895,4.673004150390625e-05,2,4.0,0,0,"2,3"
test_tiny,46,closest_neighbor,142.0,93.42105263157895,3.6716461181640625e-05,2,4.0,0,0,"2,3"
test_tiny,47,greedy,142.0,93.42105263157895,9.846687316894531e-05,2,4.0,0,0,"2,3"
test_tiny,47,closest_neighbor,142.0,93.42105263157895,3.7670135498046875e-05,2,4.0,0,0,"2,3"
test_tiny,48,greedy,142.0,93.42105263157895,4.029273986816406e-05,2,4.0,0,0,"2,3"
test_tiny,48,closest_neighbor,142.0,93.42105263157895,4.57763671875e-05,2,4.0,0,0,"2,3"
test_tiny,49,greedy,142.0,93.42105263157895,6.818771362304688e-05,2,4.0,0,0,"2,3"
test_tiny,49,closest_neighbor,142.0,93.42105263157895,4.482269287109375e-05,2,4.0,0,0,"2,3"
test_tiny,50,greedy,142.0,93.42105263157895,5.6743621826171875e-05,2,4.0,0,0,"2,3"
test_tiny,50,closest_neighbor,142.0,93.42105263157895,5.650520324707031e-05,2,4.0,0,0,"2,3"
test_tiny,51,greedy,142.0,93.42105263157895,7.390975952148438e-05,2,4.0,0,0,"2,3"
test_tiny,51,closest_neighbor,142.0,93.42105263157895,6.651878356933594e-05,2,4.0,0,0,"2,3"
random_I50_J200_B10.0_R7.0_s44,42,greedy,7646.0,78.42855677505385,0.0007557868957519531,6,9.309999999999999,0,0,"13,28,34,38,39,41"
random_I50_J200_B10.0_R7.0_s44,42,closest_neighbor,6183.0,63.42188942455637,0.00019168853759765625,5,9.67,0,0,"13,28,34,39,44"
random_I50_J200_B10.0_R7.0_s44,43,greedy,7646.0,78.42855677505385,0.0005433559417724609,6,9.309999999999999,0,0,"13,28,34,38,39,41"
random_I50_J200_B10.0_R7.0_s44,43,closest_neighbor,6183.0,63.42188942455637,0.00020766258239746094,5,9.67,0,0,"13,28,34,39,44"
random_I50_J200_B10.0_R7.0_s44,44,greedy,7646.0,78.42855677505385,0.0006000995635986328,6,9.309999999999999,0,0,"13,28,34,38,39,41"
random_I50_J200_B10.0_R7.0_s44,44,closest_neighbor,6183.0,63.42188942455637,0.00037932395935058594,5,9.67,0,0,"13,28,34,39,44"
random_I50_J200_B10.0_R7.0_s44,45,greedy,7646.0,78.42855677505385,0.00061798095703125,6,9.309999999999999,0,0,"13,28,34,38,39,41"
random_I50_J200_B10.0_R7.0_s44,45,closest_neighbor,6183.0,63.42188942455637,0.00023674964904785156,5,9.67,0,0,"13,28,34,39,44"
random_I50_J200_B10.0_R7.0_s44,46,greedy,7646.0,78.42855677505385,0.0005893707275390625,6,9.309999999999999,0,0,"13,28,34,38,39,41"
random_I50_J200_B10.0_R7.0_s44,46,closest_neighbor,6183.0,63.42188942455637,0.00028777122497558594,5,9.67,0,0,"13,28,34,39,44"
random_I50_J200_B10.0_R7.0_s44,47,greedy,7646.0,78.42855677505385,0.0006260871887207031,6,9.309999999999999,0,0,"13,28,34,38,39,41"
random_I50_J200_B10.0_R7.0_s44,47,closest_neighbor,6183.0,63.42188942455637,0.00022721290588378906,5,9.67,0,0,"13,28,34,39,44"
random_I50_J200_B10.0_R7.0_s44,48,greedy,7646.0,78.42855677505385,0.0007488727569580078,6,9.309999999999999,0,0,"13,28,34,38,39,41"
random_I50_J200_B10.0_R7.0_s44,48,closest_neighbor,6183.0,63.42188942455637,0.00016355514526367188,5,9.67,0,0,"13,28,34,39,44"
random_I50_J200_B10.0_R7.0_s44,49,greedy,7646.0,78.42855677505385,0.0007429122924804688,6,9.309999999999999,0,0,"13,28,34,38,39,41"
random_I50_J200_B10.0_R7.0_s44,49,closest_neighbor,6183.0,63.42188942455637,0.0002300739288330078,5,9.67,0,0,"13,28,34,39,44"
random_I50_J200_B10.0_R7.0_s44,50,greedy,7646.0,78.42855677505385,0.0006282329559326172,6,9.309999999999999,0,0,"13,28,34,38,39,41"
random_I50_J200_B10.0_R7.0_s44,50,closest_neighbor,6183.0,63.42188942455637,0.00042557716369628906,5,9.67,0,0,"13,28,34,39,44"
random_I50_J200_B10.0_R7.0_s44,51,greedy,7646.0,78.42855677505385,0.0008008480072021484,6,9.309999999999999,0,0,"13,28,34,38,39,41"
random_I50_J200_B10.0_R7.0_s44,51,closest_neighbor,6183.0,63.42188942455637,0.0002460479736328125,5,9.67,0,0,"13,28,34,39,44"
random_I50_J200_B10.0_R7.0_s43,42,greedy,7449.0,71.04434907010014,0.0005829334259033203,6,9.93,0,0,"0,2,8,12,27,28"
random_I50_J200_B10.0_R7.0_s43,42,closest_neighbor,7107.0,67.78254649499284,0.0001614093780517578,5,9.39,0,0,"0,2,15,27,49"
random_I50_J200_B10.0_R7.0_s43,43,greedy,7449.0,71.04434907010014,0.0007364749908447266,6,9.93,0,0,"0,2,8,12,27,28"
random_I50_J200_B10.0_R7.0_s43,43,closest_neighbor,7107.0,67.78254649499284,0.0001690387725830078,5,9.39,0,0,"0,2,15,27,49"
random_I50_J200_B10.0_R7.0_s43,44,greedy,7449.0,71.04434907010014,0.0005941390991210938,6,9.93,0,0,"0,2,8,12,27,28"
random_I50_J200_B10.0_R7.0_s43,44,closest_neighbor,7107.0,67.78254649499284,0.0001976490020751953,5,9.39,0,0,"0,2,15,27,49"
random_I50_J200_B10.0_R7.0_s43,45,greedy,7449.0,71.04434907010014,0.0006611347198486328,6,9.93,0,0,"0,2,8,12,27,28"
random_I50_J200_B10.0_R7.0_s43,45,closest_neighbor,7107.0,67.78254649499284,0.0002446174621582031,5,9.39,0,0,"0,2,15,27,49"
random_I50_J200_B10.0_R7.0_s43,46,greedy,7449.0,71.04434907010014,0.0008344650268554688,6,9.93,0,0,"0,2,8,12,27,28"
random_I50_J200_B10.0_R7.0_s43,46,closest_neighbor,7107.0,67.78254649499284,0.00017905235290527344,5,9.39,0,0,"0,2,15,27,49"
random_I50_J200_B10.0_R7.0_s43,47,greedy,7449.0,71.04434907010014,0.0006566047668457031,6,9.93,0,0,"0,2,8,12,27,28"
random_I50_J200_B10.0_R7.0_s43,47,closest_neighbor,7107.0,67.78254649499284,0.00020313262939453125,5,9.39,0,0,"0,2,15,27,49"
random_I50_J200_B10.0_R7.0_s43,48,greedy,7449.0,71.04434907010014,0.0005679130554199219,6,9.93,0,0,"0,2,8,12,27,28"
random_I50_J200_B10.0_R7.0_s43,48,closest_neighbor,7107.0,67.78254649499284,0.00020742416381835938,5,9.39,0,0,"0,2,15,27,49"
random_I50_J200_B10.0_R7.0_s43,49,greedy,7449.0,71.04434907010014,0.0006644725799560547,6,9.93,0,0,"0,2,8,12,27,28"
random_I50_J200_B10.0_R7.0_s43,49,closest_neighbor,7107.0,67.78254649499284,0.00018787384033203125,5,9.39,0,0,"0,2,15,27,49"
random_I50_J200_B10.0_R7.0_s43,50,greedy,7449.0,71.04434907010014,0.0007359981536865234,6,9.93,0,0,"0,2,8,12,27,28"
random_I50_J200_B10.0_R7.0_s43,50,closest_neighbor,7107.0,67.78254649499284,0.00024437904357910156,5,9.39,0,0,"0,2,15,27,49"
random_I50_J200_B10.0_R7.0_s43,51,greedy,7449.0,71.04434907010014,0.0006864070892333984,6,9.93,0,0,"0,2,8,12,27,28"
random_I50_J200_B10.0_R7.0_s43,51,closest_neighbor,7107.0,67.78254649499284,0.000270843505859375,5,9.39,0,0,"0,2,15,27,49"
random_I100_J500_B15.0_R6.5_s42,42,greedy,20248.0,79.8422712933754,0.005257844924926758,8,14.89,0,0,"9,10,22,32,41,42,54,96"
random_I100_J500_B15.0_R6.5_s42,42,closest_neighbor,20289.0,80.00394321766562,0.00033402442932128906,8,14.719999999999999,0,0,"9,10,18,22,36,42,50,96"
random_I100_J500_B15.0_R6.5_s42,43,greedy,20248.0,79.8422712933754,0.004331350326538086,8,14.89,0,0,"9,10,22,32,41,42,54,96"
random_I100_J500_B15.0_R6.5_s42,43,closest_neighbor,20289.0,80.00394321766562,0.0003631114959716797,8,14.719999999999999,0,0,"9,10,18,22,36,42,50,96"
random_I100_J500_B15.0_R6.5_s42,44,greedy,20248.0,79.8422712933754,0.0038399696350097656,8,14.89,0,0,"9,10,22,32,41,42,54,96"
random_I100_J500_B15.0_R6.5_s42,44,closest_neighbor,20289.0,80.00394321766562,0.00047779083251953125,8,14.719999999999999,0,0,"9,10,18,22,36,42,50,96"
random_I100_J500_B15.0_R6.5_s42,45,greedy,20248.0,79.8422712933754,0.004024028778076172,8,14.89,0,0,"9,10,22,32,41,42,54,96"
random_I100_J500_B15.0_R6.5_s42,45,closest_neighbor,20289.0,80.00394321766562,0.0003771781921386719,8,14.719999999999999,0,0,"9,10,18,22,36,42,50,96"
random_I100_J500_B15.0_R6.5_s42,46,greedy,20248.0,79.8422712933754,0.004534721374511719,8,14.89,0,0,"9,10,22,32,41,42,54,96"
random_I100_J500_B15.0_R6.5_s42,46,closest_neighbor,20289.0,80.00394321766562,0.0006303787231445312,8,14.719999999999999,0,0,"9,10,18,22,36,42,50,96"
random_I100_J500_B15.0_R6.5_s42,47,greedy,20248.0,79.8422712933754,0.005741596221923828,8,14.89,0,0,"9,10,22,32,41,42,54,96"
random_I100_J500_B15.0_R6.5_s42,47,closest_neighbor,20289.0,80.00394321766562,0.00034809112548828125,8,14.719999999999999,0,0,"9,10,18,22,36,42,50,96"
random_I100_J500_B15.0_R6.5_s42,48,greedy,20248.0,79.8422712933754,0.004538297653198242,8,14.89,0,0,"9,10,22,32,41,42,54,96"
random_I100_J500_B15.0_R6.5_s42,48,closest_neighbor,20289.0,80.00394321766562,0.00040221214294433594,8,14.719999999999999,0,0,"9,10,18,22,36,42,50,96"
random_I100_J500_B15.0_R6.5_s42,49,greedy,20248.0,79.8422712933754,0.0037641525268554688,8,14.89,0,0,"9,10,22,32,41,42,54,96"
random_I100_J500_B15.0_R6.5_s42,49,closest_neighbor,20289.0,80.00394321766562,0.0003228187561035156,8,14.719999999999999,0,0,"9,10,18,22,36,42,50,96"
random_I100_J500_B15.0_R6.5_s42,50,greedy,20248.0,79.8422712933754,0.007474184036254883,8,14.89,0,0,"9,10,22,32,41,42,54,96"
random_I100_J500_B15.0_R6.5_s42,50,closest_neighbor,20289.0,80.00394321766562,0.0003523826599121094,8,14.719999999999999,0,0,"9,10,18,22,36,42,50,96"
random_I100_J500_B15.0_R6.5_s42,51,greedy,20248.0,79.8422712933754,0.005624055862426758,8,14.89,0,0,"9,10,22,32,41,42,54,96"
random_I100_J500_B15.0_R6.5_s42,51,closest_neighbor,20289.0,80.00394321766562,0.00029850006103515625,8,14.719999999999999,0,0,"9,10,18,22,36,42,50,96"
random_I100_J500_B20.0_R6.5_s43,42,greedy,22221.0,87.33296651469895,0.0041692256927490234,11,19.55,0,0,"0,2,9,27,53,81,82,87,90,91,99"
random_I100_J500_B20.0_R6.5_s43,42,closest_neighbor,20643.0,81.1311114604622,0.00048089027404785156,9,19.25,0,0,"0,41,54,70,74,81,82,90,91"
random_I100_J500_B20.0_R6.5_s43,43,greedy,22221.0,87.33296651469895,0.004220247268676758,11,19.55,0,0,"0,2,9,27,53,81,82,87,90,91,99"
random_I100_J500_B20.0_R6.5_s43,43,closest_neighbor,20643.0,81.1311114604622,0.0005924701690673828,9,19.25,0,0,"0,41,54,70,74,81,82,90,91"
random_I100_J500_B20.0_R6.5_s43,44,greedy,22221.0,87.33296651469895,0.006231784820556641,11,19.55,0,0,"0,2,9,27,53,81,82,87,90,91,99"
random_I100_J500_B20.0_R6.5_s43,44,closest_neighbor,20643.0,81.1311114604622,0.00040078163146972656,9,19.25,0,0,"0,41,54,70,74,81,82,90,91"
random_I100_J500_B20.0_R6.5_s43,45,greedy,22221.0,87.33296651469895,0.0039386749267578125,11,19.55,0,0,"0,2,9,27,53,81,82,87,90,91,99"
random_I100_J500_B20.0_R6.5_s43,45,closest_neighbor,20643.0,81.1311114604622,0.0005984306335449219,9,19.25,0,0,"0,41,54,70,74,81,82,90,91"
random_I100_J500_B20.0_R6.5_s43,46,greedy,22221.0,87.33296651469895,0.0047566890716552734,11,19.55,0,0,"0,2,9,27,53,81,82,87,90,91,99"
random_I100_J500_B20.0_R6.5_s43,46,closest_neighbor,20643.0,81.1311114604622,0.0006222724914550781,9,19.25,0,0,"0,41,54,70,74,81,82,90,91"
random_I100_J500_B20.0_R6.5_s43,47,greedy,22221.0,87.33296651469895,0.0046749114990234375,11,19.55,0,0,"0,2,9,27,53,81,82,87,90,91,99"
random_I100_J500_B20.0_R6.5_s43,47,closest_neighbor,20643.0,81.1311114604622,0.0003933906555175781,9,19.25,0,0,"0,41,54,70,74,81,82,90,91"
random_I100_J500_B20.0_R6.5_s43,48,greedy,22221.0,87.33296651469895,0.004437446594238281,11,19.55,0,0,"0,2,9,27,53,81,82,87,90,91,99"
random_I100_J500_B20.0_R6.5_s43,48,closest_neighbor,20643.0,81.1311114604622,0.00040721893310546875,9,19.25,0,0,"0,41,54,70,74,81,82,90,91"
random_I100_J500_B20.0_R6.5_s43,49,greedy,22221.0,87.33296651469895,0.004362344741821289,11,19.55,0,0,"0,2,9,27,53,81,82,87,90,91,99"
random_I100_J500_B20.0_R6.5_s43,49,closest_neighbor,20643.0,81.1311114604622,0.00039005279541015625,9,19.25,0,0,"0,41,54,70,74,81,82,90,91"
random_I100_J500_B20.0_R6.5_s43,50,greedy,22221.0,87.33296651469895,0.0042192935943603516,11,19.55,0,0,"0,2,9,27,53,81,82,87,90,91,99"
random_I100_J500_B20.0_R6.5_s43,50,closest_neighbor,20643.0,81.1311114604622,0.00041294097900390625,9,19.25,0,0,"0,41,54,70,74,81,82,90,91"
random_I100_J500_B20.0_R6.5_s43,51,greedy,22221.0,87.33296651469895,0.00406956672668457,11,19.55,0,0,"0,2,9,27,53,81,82,87,90,91,99"
random_I100_J500_B20.0_R6.5_s43,51,closest_neighbor,20643.0,81.1311114604622,0.0005176067352294922,9,19.25,0,0,"0,41,54,70,74,81,82,90,91"
random_I200_J1000_B20.0_R5.5_s42,42,greedy,46173.0,92.96514788491352,0.01832294464111328,14,19.07,0,0,"10,32,42,96,115,117,118,125,135,152,156,171,185,199"
random_I200_J1000_B20.0_R5.5_s42,42,closest_neighbor,46123.0,92.86447741961463,0.0005698204040527344,15,19.74,0,0,"10,22,32,42,96,110,115,135,152,156,158,171,185,187,199"
random_I200_J1000_B20.0_R5.5_s42,43,greedy,46173.0,92.96514788491352,0.01655864715576172,14,19.07,0,0,"10,32,42,96,115,117,118,125,135,152,156,171,185,199"
random_I200_J1000_B20.0_R5.5_s42,43,closest_neighbor,46123.0,92.86447741961463,0.0007798671722412109,15,19.74,0,0,"10,22,32,42,96,110,115,135,152,156,158,171,185,187,199"
random_I200_J1000_B20.0_R5.5_s42,44,greedy,46173.0,92.96514788491352,0.01894235610961914,14,19.07,0,0,"10,32,42,96,115,117,118,125,135,152,156,171,185,199"
random_I200_J1000_B20.0_R5.5_s42,44,closest_neighbor,46123.0,92.86447741961463,0.0006115436553955078,15,19.74,0,0,"10,22,32,42,96,110,115,135,152,156,158,171,185,187,199"
random_I200_J1000_B20.0_R5.5_s42,45,greedy,46173.0,92.96514788491352,0.01984548568725586,14,19.07,0,0,"10,32,42,96,115,117,118,125,135,152,156,171,185,199"
random_I200_J1000_B20.0_R5.5_s42,45,closest_neighbor,46123.0,92.86447741961463,0.001218557357788086,15,19.74,0,0,"10,22,32,42,96,110,115,135,152,156,158,171,185,187,199"
random_I200_J1000_B20.0_R5.5_s42,46,greedy,46173.0,92.96514788491352,0.023777484893798828,14,19.07,0,0,"10,32,42,96,115,117,118,125,135,152,156,171,185,199"
random_I200_J1000_B20.0_R5.5_s42,46,closest_neighbor,46123.0,92.86447741961463,0.0006422996520996094,15,19.74,0,0,"10,22,32,42,96,110,115,135,152,156,158,171,185,187,199"
random_I200_J1000_B20.0_R5.5_s42,47,greedy,46173.0,92.96514788491352,0.017961978912353516,14,19.07,0,0,"10,32,42,96,115,117,118,125,135,152,156,171,185,199"
random_I200_J1000_B20.0_R5.5_s42,47,closest_neighbor,46123.0,92.86447741961463,0.0008599758148193359,15,19.74,0,0,"10,22,32,42,96,110,115,135,152,156,158,171,185,187,199"
random_I200_J1000_B20.0_R5.5_s42,48,greedy,46173.0,92.96514788491352,0.021127939224243164,14,19.07,0,0,"10,32,42,96,115,117,118,125,135,152,156,171,185,199"
random_I200_J1000_B20.0_R5.5_s42,48,closest_neighbor,46123.0,92.86447741961463,0.0006973743438720703,15,19.74,0,0,"10,22,32,42,96,110,115,135,152,156,158,171,185,187,199"
random_I200_J1000_B20.0_R5.5_s42,49,greedy,46173.0,92.96514788491352,0.017636537551879883,14,19.07,0,0,"10,32,42,96,115,117,118,125,135,152,156,171,185,199"
random_I200_J1000_B20.0_R5.5_s42,49,closest_neighbor,46123.0,92.86447741961463,0.0006749629974365234,15,19.74,0,0,"10,22,32,42,96,110,115,135,152,156,158,171,185,187,199"
random_I200_J1000_B20.0_R5.5_s42,50,greedy,46173.0,92.96514788491352,0.016087770462036133,14,19.07,0,0,"10,32,42,96,115,117,118,125,135,152,156,171,185,199"
random_I200_J1000_B20.0_R5.5_s42,50,closest_neighbor,46123.0,92.86447741961463,0.0006506443023681641,15,19.74,0,0,"10,22,32,42,96,110,115,135,152,156,158,171,185,187,199"
random_I200_J1000_B20.0_R5.5_s42,51,greedy,46173.0,92.96514788491352,0.01949167251586914,14,19.07,0,0,"10,32,42,96,115,117,118,125,135,152,156,171,185,199"
random_I200_J1000_B20.0_R5.5_s42,51,closest_neighbor,46123.0,92.86447741961463,0.0006976127624511719,15,19.74,0,0,"10,22,32,42,96,110,115,135,152,156,158,171,185,187,199"
random_I200_J1000_B30.0_R5.0_s43,42,greedy,43862.0,89.46681352751601,0.018451690673828125,17,29.1,0,0,"0,2,27,53,54,81,82,87,90,91,99,110,112,115,122,159,161"
random_I200_J1000_B30.0_R5.0_s43,42,closest_neighbor,38043.0,77.59760127279402,0.0007355213165283203,14,29.68,0,0,"0,28,53,54,58,81,82,87,90,112,122,127,159,178"
random_I200_J1000_B30.0_R5.0_s43,43,greedy,43862.0,89.46681352751601,0.021043062210083008,17,29.1,0,0,"0,2,27,53,54,81,82,87,90,91,99,110,112,115,122,159,161"
random_I200_J1000_B30.0_R5.0_s43,43,closest_neighbor,38043.0,77.59760127279402,0.0008754730224609375,14,29.68,0,0,"0,28,53,54,58,81,82,87,90,112,122,127,159,178"
random_I200_J1000_B30.0_R5.0_s43,44,greedy,43862.0,89.46681352751601,0.019363880157470703,17,29.1,0,0,"0,2,27,53,54,81,82,87,90,91,99,110,112,115,122,159,161"
random_I200_J1000_B30.0_R5.0_s43,44,closest_neighbor,38043.0,77.59760127279402,0.0008378028869628906,14,29.68,0,0,"0,28,53,54,58,81,82,87,90,112,122,127,159,178"
random_I200_J1000_B30.0_R5.0_s43,45,greedy,43862.0,89.46681352751601,0.01886463165283203,17,29.1,0,0,"0,2,27,53,54,81,82,87,90,91,99,110,112,115,122,159,161"
random_I200_J1000_B30.0_R5.0_s43,45,closest_neighbor,38043.0,77.59760127279402,0.0007617473602294922,14,29.68,0,0,"0,28,53,54,58,81,82,87,90,112,122,127,159,178"
random_I200_J1000_B30.0_R5.0_s43,46,greedy,43862.0,89.46681352751601,0.017000675201416016,17,29.1,0,0,"0,2,27,53,54,81,82,87,90,91,99,110,112,115,122,159,161"
random_I200_J1000_B30.0_R5.0_s43,46,closest_neighbor,38043.0,77.59760127279402,0.0010421276092529297,14,29.68,0,0,"0,28,53,54,58,81,82,87,90,112,122,127,159,178"
random_I200_J1000_B30.0_R5.0_s43,47,greedy,43862.0,89.46681352751601,0.02062082290649414,17,29.1,0,0,"0,2,27,53,54,81,82,87,90,91,99,110,112,115,122,159,161"
random_I200_J1000_B30.0_R5.0_s43,47,closest_neighbor,38043.0,77.59760127279402,0.0006477832794189453,14,29.68,0,0,"0,28,53,54,58,81,82,87,90,112,122,127,159,178"
random_I200_J1000_B30.0_R5.0_s43,48,greedy,43862.0,89.46681352751601,0.0209503173828125,17,29.1,0,0,"0,2,27,53,54,81,82,87,90,91,99,110,112,115,122,159,161"
random_I200_J1000_B30.0_R5.0_s43,48,closest_neighbor,38043.0,77.59760127279402,0.0008556842803955078,14,29.68,0,0,"0,28,53,54,58,81,82,87,90,112,122,127,159,178"
random_I200_J1000_B30.0_R5.0_s43,49,greedy,43862.0,89.46681352751601,0.01826953887939453,17,29.1,0,0,"0,2,27,53,54,81,82,87,90,91,99,110,112,115,122,159,161"
random_I200_J1000_B30.0_R5.0_s43,49,closest_neighbor,38043.0,77.59760127279402,0.0012769699096679688,14,29.68,0,0,"0,28,53,54,58,81,82,87,90,112,122,127,159,178"
random_I200_J1000_B30.0_R5.0_s43,50,greedy,43862.0,89.46681352751601,0.02008843421936035,17,29.1,0,0,"0,2,27,53,54,81,82,87,90,91,99,110,112,115,122,159,161"
random_I200_J1000_B30.0_R5.0_s43,50,closest_neighbor,38043.0,77.59760127279402,0.0009088516235351562,14,29.68,0,0,"0,28,53,54,58,81,82,87,90,112,122,127,159,178"
random_I200_J1000_B30.0_R5.0_s43,51,greedy,43862.0,89.46681352751601,0.020249366760253906,17,29.1,0,0,"0,2,27,53,54,81,82,87,90,91,99,110,112,115,122,159,161"
random_I200_J1000_B30.0_R5.0_s43,51,closest_neighbor,38043.0,77.59760127279402,0.00092315673828125,14,29.68,0,0,"0,28,53,54,58,81,82,87,90,112,122,127,159,178"
test_tiny,42,local_search,142.0,93.42105263157895,0.0013592243194580078,2,4.0,18,20,"2,3"
test_tiny,43,local_search,142.0,93.42105263157895,0.0012969970703125,2,4.0,16,20,"2,3"
test_tiny,44,local_search,142.0,93.42105263157895,0.0014150142669677734,2,4.0,16,20,"2,3"
test_tiny,45,local_search,142.0,93.42105263157895,0.0014498233795166016,2,4.0,16,20,"2,3"
test_tiny,46,local_search,142.0,93.42105263157895,0.0010657310485839844,2,4.0,20,20,"2,3"
test_tiny,47,local_search,142.0,93.42105263157895,0.0018918514251708984,2,4.0,20,20,"2,3"
test_tiny,48,local_search,142.0,93.42105263157895,0.0012502670288085938,2,4.0,18,20,"2,3"
test_tiny,49,local_search,142.0,93.42105263157895,0.0011703968048095703,2,4.0,16,20,"2,3"
test_tiny,50,local_search,142.0,93.42105263157895,0.0013217926025390625,2,4.0,14,20,"2,3"
test_tiny,51,local_search,142.0,93.42105263157895,0.0014047622680664062,2,4.0,16,20,"2,3"
random_I50_J200_B10.0_R7.0_s44,42,local_search,7646.0,78.42855677505385,0.018689393997192383,6,9.309999999999999,42,20,"13,28,34,38,39,41"
random_I50_J200_B10.0_R7.0_s44,43,local_search,7646.0,78.42855677505385,0.01742410659790039,6,9.309999999999999,42,20,"13,28,34,38,39,41"
random_I50_J200_B10.0_R7.0_s44,44,local_search,7646.0,78.42855677505385,0.019358396530151367,6,9.309999999999999,39,20,"13,28,34,38,39,41"
random_I50_J200_B10.0_R7.0_s44,45,local_search,7646.0,78.42855677505385,0.021564483642578125,6,9.309999999999999,38,20,"13,28,34,38,39,41"
random_I50_J200_B10.0_R7.0_s44,46,local_search,7646.0,78.42855677505385,0.021272897720336914,6,9.309999999999999,42,20,"13,28,34,38,39,41"
random_I50_J200_B10.0_R7.0_s44,47,local_search,7646.0,78.42855677505385,0.018782377243041992,6,9.309999999999999,41,20,"13,28,34,38,39,41"
random_I50_J200_B10.0_R7.0_s44,48,local_search,7646.0,78.42855677505385,0.02205204963684082,6,9.309999999999999,42,20,"13,28,34,38,39,41"
random_I50_J200_B10.0_R7.0_s44,49,local_search,7646.0,78.42855677505385,0.023974895477294922,6,9.309999999999999,47,20,"13,28,34,38,39,41"
random_I50_J200_B10.0_R7.0_s44,50,local_search,7646.0,78.42855677505385,0.018480539321899414,6,9.309999999999999,49,20,"13,28,34,38,39,41"
random_I50_J200_B10.0_R7.0_s44,51,local_search,7646.0,78.42855677505385,0.01903223991394043,6,9.309999999999999,52,20,"13,28,34,38,39,41"
random_I50_J200_B10.0_R7.0_s43,42,local_search,7449.0,71.04434907010014,0.018178462982177734,6,9.93,46,20,"0,2,8,12,27,28"
random_I50_J200_B10.0_R7.0_s43,43,local_search,7449.0,71.04434907010014,0.017342567443847656,6,9.93,47,20,"0,2,8,12,27,28"
random_I50_J200_B10.0_R7.0_s43,44,local_search,7449.0,71.04434907010014,0.01778697967529297,6,9.93,47,20,"0,2,8,12,27,28"
random_I50_J200_B10.0_R7.0_s43,45,local_search,7449.0,71.04434907010014,0.018327951431274414,6,9.93,46,20,"0,2,8,12,27,28"
random_I50_J200_B10.0_R7.0_s43,46,local_search,7449.0,71.04434907010014,0.01871800422668457,6,9.93,47,20,"0,2,8,12,27,28"
random_I50_J200_B10.0_R7.0_s43,47,local_search,7449.0,71.04434907010014,0.019384384155273438,6,9.93,44,20,"0,2,8,12,27,28"
random_I50_J200_B10.0_R7.0_s43,48,local_search,7449.0,71.04434907010014,0.018917322158813477,6,9.93,44,20,"0,2,8,12,27,28"
random_I50_J200_B10.0_R7.0_s43,49,local_search,7449.0,71.04434907010014,0.017629146575927734,6,9.93,45,20,"0,2,8,12,27,28"
random_I50_J200_B10.0_R7.0_s43,50,local_search,7449.0,71.04434907010014,0.018901586532592773,6,9.93,44,20,"0,2,8,12,27,28"
random_I50_J200_B10.0_R7.0_s43,51,local_search,7449.0,71.04434907010014,0.018397092819213867,6,9.93,45,20,"0,2,8,12,27,28"
random_I100_J500_B15.0_R6.5_s42,42,local_search,21099.0,83.19794952681387,0.23409628868103027,7,14.88,144,20,"4,10,22,41,42,54,96"
random_I100_J500_B15.0_R6.5_s42,43,local_search,21099.0,83.19794952681387,0.24511146545410156,7,14.88,145,20,"4,10,22,41,42,54,96"
random_I100_J500_B15.0_R6.5_s42,44,local_search,21099.0,83.19794952681387,0.24250531196594238,7,14.88,150,20,"4,10,22,41,42,54,96"
random_I100_J500_B15.0_R6.5_s42,45,local_search,21099.0,83.19794952681387,0.2358999252319336,7,14.88,146,20,"4,10,22,41,42,54,96"
random_I100_J500_B15.0_R6.5_s42,46,local_search,21099.0,83.19794952681387,0.23987460136413574,7,14.88,133,20,"4,10,22,41,42,54,96"
random_I100_J500_B15.0_R6.5_s42,47,local_search,21099.0,83.19794952681387,0.21803617477416992,7,14.88,130,20,"4,10,22,41,42,54,96"
random_I100_J500_B15.0_R6.5_s42,48,local_search,21099.0,83.19794952681387,0.22321319580078125,7,14.88,138,20,"4,10,22,41,42,54,96"
random_I100_J500_B15.0_R6.5_s42,49,local_search,21099.0,83.19794952681387,0.22920608520507812,7,14.88,132,20,"4,10,22,41,42,54,96"
random_I100_J500_B15.0_R6.5_s42,50,local_search,21099.0,83.19794952681387,0.2540318965911865,7,14.88,129,20,"4,10,22,41,42,54,96"
random_I100_J500_B15.0_R6.5_s42,51,local_search,21099.0,83.19794952681387,0.2122035026550293,7,14.88,118,20,"4,10,22,41,42,54,96"
random_I100_J500_B20.0_R6.5_s43,42,local_search,22448.0,88.22512183618927,0.5041792392730713,10,19.88,158,20,"9,27,53,63,74,81,82,87,91,98"
random_I100_J500_B20.0_R6.5_s43,43,local_search,22448.0,88.22512183618927,0.4533426761627197,10,19.88,154,20,"9,27,53,63,74,81,82,87,91,98"
random_I100_J500_B20.0_R6.5_s43,44,local_search,22448.0,88.22512183618927,0.5618820190429688,10,19.88,154,20,"9,27,53,63,74,81,82,87,91,98"
random_I100_J500_B20.0_R6.5_s43,45,local_search,22448.0,88.22512183618927,0.5224161148071289,10,19.88,146,20,"9,27,53,63,74,81,82,87,91,98"
random_I100_J500_B20.0_R6.5_s43,46,local_search,22448.0,88.22512183618927,0.4305706024169922,10,19.88,143,20,"9,27,53,63,74,81,82,87,91,98"
random_I100_J500_B20.0_R6.5_s43,47,local_search,22448.0,88.22512183618927,0.44815540313720703,10,19.88,134,20,"9,27,53,63,74,81,82,87,91,98"
random_I100_J500_B20.0_R6.5_s43,48,local_search,22448.0,88.22512183618927,0.41870856285095215,10,19.88,136,20,"9,27,53,63,74,81,82,87,91,98"
random_I100_J500_B20.0_R6.5_s43,49,local_search,22549.0,88.62207200125766,0.35801053047180176,10,19.92,137,20,"0,9,27,53,60,74,81,87,90,91"
random_I100_J500_B20.0_R6.5_s43,50,local_search,22549.0,88.62207200125766,0.3083617687225342,10,19.92,138,20,"0,9,27,53,60,74,81,87,90,91"
random_I100_J500_B20.0_R6.5_s43,51,local_search,22549.0,88.62207200125766,0.35299015045166016,10,19.92,136,20,"0,9,27,53,60,74,81,87,90,91"
random_I200_J1000_B20.0_R5.5_s42,42,local_search,47783.0,96.2067368675378,2.024150848388672,14,19.97,212,20,"10,22,32,42,96,110,115,117,135,152,158,171,185,199"
random_I200_J1000_B20.0_R5.5_s42,43,local_search,47783.0,96.2067368675378,1.9569525718688965,14,19.97,223,20,"10,22,32,42,96,110,115,117,135,152,158,171,185,199"
random_I200_J1000_B20.0_R5.5_s42,44,local_search,47783.0,96.2067368675378,2.1604628562927246,14,19.97,231,20,"10,22,32,42,96,110,115,117,135,152,158,171,185,199"
random_I200_J1000_B20.0_R5.5_s42,45,local_search,47783.0,96.2067368675378,1.676133394241333,14,19.97,229,20,"10,22,32,42,96,110,115,117,135,152,158,171,185,199"
random_I200_J1000_B20.0_R5.5_s42,46,local_search,47783.0,96.2067368675378,1.9037399291992188,14,19.97,221,20,"10,22,32,42,96,110,115,117,135,152,158,171,185,199"
random_I200_J1000_B20.0_R5.5_s42,47,local_search,47783.0,96.2067368675378,2.08953595161438,14,19.97,229,20,"10,22,32,42,96,110,115,117,135,152,158,171,185,199"
random_I200_J1000_B20.0_R5.5_s42,48,local_search,47783.0,96.2067368675378,2.113046169281006,14,19.97,230,20,"10,22,32,42,96,110,115,117,135,152,158,171,185,199"
random_I200_J1000_B20.0_R5.5_s42,49,local_search,47783.0,96.2067368675378,1.9740378856658936,14,19.97,241,20,"10,22,32,42,96,110,115,117,135,152,158,171,185,199"
random_I200_J1000_B20.0_R5.5_s42,50,local_search,47783.0,96.2067368675378,2.0149664878845215,14,19.97,238,20,"10,22,32,42,96,110,115,117,135,152,158,171,185,199"
random_I200_J1000_B20.0_R5.5_s42,51,local_search,47783.0,96.2067368675378,2.1434662342071533,14,19.97,232,20,"10,22,32,42,96,110,115,117,135,152,158,171,185,199"
random_I200_J1000_B30.0_R5.0_s43,42,local_search,44859.0,91.50042834414393,2.479729652404785,16,29.75,280,20,"0,2,12,27,53,81,87,90,91,99,110,122,145,159,180,198"
random_I200_J1000_B30.0_R5.0_s43,43,local_search,44859.0,91.50042834414393,2.415666341781616,16,29.75,294,20,"0,2,12,27,53,81,87,90,91,99,110,122,145,159,180,198"
random_I200_J1000_B30.0_R5.0_s43,44,local_search,44907.0,91.59833557704076,2.2818968296051025,15,29.84,297,20,"2,9,53,81,82,87,91,99,110,118,121,122,135,159,180"
random_I200_J1000_B30.0_R5.0_s43,45,local_search,44907.0,91.59833557704076,2.7482187747955322,15,29.84,302,20,"2,9,53,81,82,87,91,99,110,118,121,122,135,159,180"
random_I200_J1000_B30.0_R5.0_s43,46,local_search,44907.0,91.59833557704076,3.3678183555603027,15,29.84,294,20,"2,9,53,81,82,87,91,99,110,118,121,122,135,159,180"
random_I200_J1000_B30.0_R5.0_s43,47,local_search,44907.0,91.59833557704076,2.670936346054077,15,29.84,297,20,"2,9,53,81,82,87,91,99,110,118,121,122,135,159,180"
random_I200_J1000_B30.0_R5.0_s43,48,local_search,44907.0,91.59833557704076,2.2563316822052,15,29.84,289,20,"2,9,53,81,82,87,91,99,110,118,121,122,135,159,180"
random_I200_J1000_B30.0_R5.0_s43,49,local_search,44907.0,91.59833557704076,2.2010467052459717,15,29.84,280,20,"2,9,53,81,82,87,91,99,110,118,121,122,135,159,180"
random_I200_J1000_B30.0_R5.0_s43,50,local_search,44907.0,91.59833557704076,2.3027431964874268,15,29.84,276,20,"2,9,53,81,82,87,91,99,110,118,121,122,135,159,180"
random_I200_J1000_B30.0_R5.0_s43,51,local_search,44907.0,91.59833557704076,2.036696434020996,15,29.84,261,20,"2,9,53,81,82,87,91,99,110,118,121,122,135,159,180"
test_tiny,42,tabu_search,142.0,93.42105263157895,0.2061018943786621,2,4.0,15000,15000,"2,3"
test_tiny,43,tabu_search,142.0,93.42105263157895,0.28083372116088867,2,4.0,15000,15000,"2,3"
test_tiny,44,tabu_search,142.0,93.42105263157895,0.21958017349243164,2,4.0,15000,15000,"2,3"
test_tiny,45,tabu_search,142.0,93.42105263157895,0.24905014038085938,2,4.0,15000,15000,"2,3"
test_tiny,46,tabu_search,142.0,93.42105263157895,0.2227010726928711,2,4.0,15000,15000,"2,3"
test_tiny,47,tabu_search,142.0,93.42105263157895,0.23482942581176758,2,4.0,15000,15000,"2,3"
test_tiny,48,tabu_search,142.0,93.42105263157895,0.22864723205566406,2,4.0,15000,15000,"2,3"
test_tiny,49,tabu_search,142.0,93.42105263157895,0.20776605606079102,2,4.0,15000,15000,"2,3"
test_tiny,50,tabu_search,142.0,93.42105263157895,0.21550202369689941,2,4.0,15000,15000,"2,3"
test_tiny,51,tabu_search,142.0,93.42105263157895,0.26137471199035645,2,4.0,15000,15000,"2,3"
random_I50_J200_B10.0_R7.0_s44,42,tabu_search,7646.0,78.42855677505385,4.142851829528809,6,9.309999999999999,15000,15000,"13,28,34,38,39,41"
random_I50_J200_B10.0_R7.0_s44,43,tabu_search,7646.0,78.42855677505385,4.291836977005005,6,9.309999999999999,15000,15000,"13,28,34,38,39,41"
random_I50_J200_B10.0_R7.0_s44,44,tabu_search,7646.0,78.42855677505385,4.230711936950684,6,9.309999999999999,15000,15000,"13,28,34,38,39,41"
random_I50_J200_B10.0_R7.0_s44,45,tabu_search,7646.0,78.42855677505385,4.036766290664673,6,9.309999999999999,15000,15000,"13,28,34,38,39,41"
random_I50_J200_B10.0_R7.0_s44,46,tabu_search,7646.0,78.42855677505385,4.183004140853882,6,9.309999999999999,15000,15000,"13,28,34,38,39,41"
random_I50_J200_B10.0_R7.0_s44,47,tabu_search,7646.0,78.42855677505385,4.6482720375061035,6,9.309999999999999,15000,15000,"13,28,34,38,39,41"
random_I50_J200_B10.0_R7.0_s44,48,tabu_search,7646.0,78.42855677505385,5.1130993366241455,6,9.309999999999999,15000,15000,"13,28,34,38,39,41"
random_I50_J200_B10.0_R7.0_s44,49,tabu_search,7646.0,78.42855677505385,4.819207429885864,6,9.309999999999999,15000,15000,"13,28,34,38,39,41"
random_I50_J200_B10.0_R7.0_s44,50,tabu_search,7646.0,78.42855677505385,4.218632936477661,6,9.309999999999999,15000,15000,"13,28,34,38,39,41"
random_I50_J200_B10.0_R7.0_s44,51,tabu_search,7646.0,78.42855677505385,4.520208358764648,6,9.309999999999999,15000,15000,"13,28,34,38,39,41"
random_I50_J200_B10.0_R7.0_s43,42,tabu_search,7449.0,71.04434907010014,4.837942600250244,6,9.93,15000,15000,"0,2,8,12,27,28"
random_I50_J200_B10.0_R7.0_s43,43,tabu_search,7449.0,71.04434907010014,4.81035852432251,6,9.93,15000,15000,"0,2,8,12,27,28"
random_I50_J200_B10.0_R7.0_s43,44,tabu_search,7449.0,71.04434907010014,4.119052410125732,6,9.93,15000,15000,"0,2,8,12,27,28"
random_I50_J200_B10.0_R7.0_s43,45,tabu_search,7449.0,71.04434907010014,4.180025339126587,6,9.93,15000,15000,"0,2,8,12,27,28"
random_I50_J200_B10.0_R7.0_s43,46,tabu_search,7449.0,71.04434907010014,3.922133445739746,6,9.93,15000,15000,"0,2,8,12,27,28"
random_I50_J200_B10.0_R7.0_s43,47,tabu_search,7449.0,71.04434907010014,4.065763473510742,6,9.93,15000,15000,"0,2,8,12,27,28"
random_I50_J200_B10.0_R7.0_s43,48,tabu_search,7449.0,71.04434907010014,3.8184773921966553,6,9.93,15000,15000,"0,2,8,12,27,28"
random_I50_J200_B10.0_R7.0_s43,49,tabu_search,7449.0,71.04434907010014,4.0112926959991455,6,9.93,15000,15000,"0,2,8,12,27,28"
random_I50_J200_B10.0_R7.0_s43,50,tabu_search,7449.0,71.04434907010014,3.8072962760925293,6,9.93,15000,15000,"0,2,8,12,27,28"
random_I50_J200_B10.0_R7.0_s43,51,tabu_search,7449.0,71.04434907010014,3.8048288822174072,6,9.93,15000,15000,"0,2,8,12,27,28"
random_I100_J500_B15.0_R6.5_s42,42,tabu_search,21099.0,83.19794952681387,23.177624940872192,7,14.88,15000,15000,"4,10,22,41,42,54,96"
random_I100_J500_B15.0_R6.5_s42,43,tabu_search,21099.0,83.19794952681387,27.761578798294067,7,14.88,15000,15000,"4,10,22,41,42,54,96"
random_I100_J500_B15.0_R6.5_s42,44,tabu_search,21099.0,83.19794952681387,29.513083457946777,7,14.88,15000,15000,"4,10,22,41,42,54,96"
random_I100_J500_B15.0_R6.5_s42,45,tabu_search,21099.0,83.19794952681387,25.32420039176941,7,14.88,15000,15000,"4,10,22,41,42,54,96"
random_I100_J500_B15.0_R6.5_s42,46,tabu_search,21099.0,83.19794952681387,24.34430193901062,7,14.88,15000,15000,"4,10,22,41,42,54,96"
random_I100_J500_B15.0_R6.5_s42,47,tabu_search,21099.0,83.19794952681387,26.873050689697266,7,14.88,15000,15000,"4,10,22,41,42,54,96"
random_I100_J500_B15.0_R6.5_s42,48,tabu_search,21099.0,83.19794952681387,24.37679100036621,7,14.88,15000,15000,"4,10,22,41,42,54,96"
random_I100_J500_B15.0_R6.5_s42,49,tabu_search,21099.0,83.19794952681387,24.21115517616272,7,14.88,15000,15000,"4,10,22,41,42,54,96"
random_I100_J500_B15.0_R6.5_s42,50,tabu_search,21099.0,83.19794952681387,25.420305252075195,7,14.88,15000,15000,"4,10,22,41,42,54,96"
random_I100_J500_B15.0_R6.5_s42,51,tabu_search,21099.0,83.19794952681387,26.580881357192993,7,14.88,15000,15000,"4,10,22,41,42,54,96"
random_I100_J500_B20.0_R6.5_s43,42,tabu_search,22549.0,88.62207200125766,35.600759983062744,10,19.92,15000,15000,"0,9,27,53,60,74,81,87,90,91"
random_I100_J500_B20.0_R6.5_s43,43,tabu_search,22549.0,88.62207200125766,40.163703203201294,10,19.92,15000,15000,"0,9,27,53,60,74,81,87,90,91"
random_I100_J500_B20.0_R6.5_s43,44,tabu_search,22549.0,88.62207200125766,39.80137825012207,10,19.92,15000,15000,"0,9,27,53,60,74,81,87,90,91"
random_I100_J500_B20.0_R6.5_s43,45,tabu_search,22549.0,88.62207200125766,35.00813698768616,10,19.92,15000,15000,"0,9,27,53,60,74,81,87,90,91"
random_I100_J500_B20.0_R6.5_s43,46,tabu_search,22549.0,88.62207200125766,36.37195658683777,10,19.92,15000,15000,"0,9,27,53,60,74,81,87,90,91"
random_I100_J500_B20.0_R6.5_s43,47,tabu_search,22549.0,88.62207200125766,33.703041791915894,10,19.92,15000,15000,"0,9,27,53,60,74,81,87,90,91"
random_I100_J500_B20.0_R6.5_s43,48,tabu_search,22549.0,88.62207200125766,35.96515440940857,10,19.92,15000,15000,"0,9,27,53,60,74,81,87,90,91"
random_I100_J500_B20.0_R6.5_s43,49,tabu_search,22549.0,88.62207200125766,34.742095708847046,10,19.92,15000,15000,"0,9,27,53,60,74,81,87,90,91"
random_I100_J500_B20.0_R6.5_s43,50,tabu_search,22549.0,88.62207200125766,33.97709274291992,10,19.92,15000,15000,"0,9,27,53,60,74,81,87,90,91"
random_I100_J500_B20.0_R6.5_s43,51,tabu_search,22549.0,88.62207200125766,34.29950666427612,10,19.92,15000,15000,"0,9,27,53,60,74,81,87,90,91"
random_I200_J1000_B20.0_R5.5_s42,42,tabu_search,47783.0,96.2067368675378,92.90246033668518,14,19.97,15000,15000,"10,22,32,42,96,110,115,117,135,152,158,171,185,199"
random_I200_J1000_B20.0_R5.5_s42,43,tabu_search,47783.0,96.2067368675378,95.67438912391663,14,19.97,15000,15000,"10,22,32,42,96,110,115,117,135,152,158,171,185,199"
random_I200_J1000_B20.0_R5.5_s42,44,tabu_search,47783.0,96.2067368675378,92.12026596069336,14,19.97,15000,15000,"10,22,32,42,96,110,115,117,135,152,158,171,185,199"
random_I200_J1000_B20.0_R5.5_s42,45,tabu_search,47783.0,96.2067368675378,99.0278377532959,14,19.97,15000,15000,"10,22,32,42,96,110,115,117,135,152,158,171,185,199"
random_I200_J1000_B20.0_R5.5_s42,46,tabu_search,47783.0,96.2067368675378,95.99766421318054,14,19.97,15000,15000,"10,22,32,42,96,110,115,117,135,152,158,171,185,199"
random_I200_J1000_B20.0_R5.5_s42,47,tabu_search,47783.0,96.2067368675378,84.64804220199585,14,19.97,15000,15000,"10,22,32,42,96,110,115,117,135,152,158,171,185,199"
random_I200_J1000_B20.0_R5.5_s42,48,tabu_search,47783.0,96.2067368675378,93.94458413124084,14,19.97,15000,15000,"10,22,32,42,96,110,115,117,135,152,158,171,185,199"
random_I200_J1000_B20.0_R5.5_s42,49,tabu_search,47783.0,96.2067368675378,89.85689949989319,14,19.97,15000,15000,"10,22,32,42,96,110,115,117,135,152,158,171,185,199"
random_I200_J1000_B20.0_R5.5_s42,50,tabu_search,47783.0,96.2067368675378,89.37991046905518,14,19.97,15000,15000,"10,22,32,42,96,110,115,117,135,152,158,171,185,199"
random_I200_J1000_B20.0_R5.5_s42,51,tabu_search,47783.0,96.2067368675378,88.5320303440094,14,19.97,15000,15000,"10,22,32,42,96,110,115,117,135,152,158,171,185,199"
random_I200_J1000_B30.0_R5.0_s43,42,tabu_search,45065.0,91.92061355199283,108.18725419044495,16,29.86,15000,15000,"2,27,28,53,63,81,82,91,99,110,122,145,159,161,178,180"
random_I200_J1000_B30.0_R5.0_s43,43,tabu_search,45065.0,91.92061355199283,98.78980588912964,16,29.86,15000,15000,"2,27,28,53,63,81,82,91,99,110,122,145,159,161,178,180"
random_I200_J1000_B30.0_R5.0_s43,44,tabu_search,45065.0,91.92061355199283,94.41819024085999,16,29.86,15000,15000,"2,27,28,53,63,81,82,91,99,110,122,145,159,161,178,180"
random_I200_J1000_B30.0_R5.0_s43,45,tabu_search,45065.0,91.92061355199283,96.46197485923767,16,29.86,15000,15000,"2,27,28,53,63,81,82,91,99,110,122,145,159,161,178,180"
random_I200_J1000_B30.0_R5.0_s43,46,tabu_search,45065.0,91.92061355199283,100.1462185382843,16,29.86,15000,15000,"2,27,28,53,63,81,82,91,99,110,122,145,159,161,178,180"
random_I200_J1000_B30.0_R5.0_s43,47,tabu_search,45065.0,91.92061355199283,96.02869272232056,16,29.86,15000,15000,"2,27,28,53,63,81,82,91,99,110,122,145,159,161,178,180"
random_I200_J1000_B30.0_R5.0_s43,48,tabu_search,45065.0,91.92061355199283,98.39734053611755,16,29.86,15000,15000,"2,27,28,53,63,81,82,91,99,110,122,145,159,161,178,180"
random_I200_J1000_B30.0_R5.0_s43,49,tabu_search,45065.0,91.92061355199283,98.59189629554749,16,29.86,15000,15000,"2,27,28,53,63,81,82,91,99,110,122,145,159,161,178,180"
random_I200_J1000_B30.0_R5.0_s43,50,tabu_search,45065.0,91.92061355199283,99.85475492477417,16,29.86,15000,15000,"2,27,28,53,63,81,82,91,99,110,122,145,159,161,178,180"
random_I200_J1000_B30.0_R5.0_s43,51,tabu_search,45065.0,91.92061355199283,94.2618715763092,16,29.86,15000,15000,"2,27,28,53,63,81,82,91,99,110,122,145,159,161,178,180"
random_I100_J500_B15.0_R6.5_s42,42,tabu_search,21099.0,83.19794952681387,24.198976039886475,7,14.88,15000,15000,"4,10,22,41,42,54,96"
random_I100_J500_B15.0_R6.5_s42,43,tabu_search,21099.0,83.19794952681387,25.04368305206299,7,14.88,15000,15000,"4,10,22,41,42,54,96"
random_I100_J500_B15.0_R6.5_s42,44,tabu_search,21099.0,83.19794952681387,25.360268592834473,7,14.88,15000,15000,"4,10,22,41,42,54,96"
random_I100_J500_B15.0_R6.5_s42,42,tabu_search,21099.0,83.19794952681387,22.982413053512573,7,14.88,15000,15000,"4,10,22,41,42,54,96"
random_I100_J500_B15.0_R6.5_s42,43,tabu_search,21099.0,83.19794952681387,24.261019468307495,7,14.88,15000,15000,"4,10,22,41,42,54,96"
random_I100_J500_B15.0_R6.5_s42,44,tabu_search,21099.0,83.19794952681387,23.99024772644043,7,14.88,15000,15000,"4,10,22,41,42,54,96"
random_I100_J500_B15.0_R6.5_s42,42,tabu_search,21099.0,83.19794952681387,22.902570724487305,7,14.88,15000,15000,"4,10,22,41,42,54,96"
random_I100_J500_B15.0_R6.5_s42,43,tabu_search,21099.0,83.19794952681387,23.010390758514404,7,14.88,15000,15000,"4,10,22,41,42,54,96"
random_I100_J500_B15.0_R6.5_s42,44,tabu_search,21099.0,83.19794952681387,25.27812933921814,7,14.88,15000,15000,"4,10,22,41,42,54,96"
random_I100_J500_B15.0_R6.5_s42,42,tabu_search,21099.0,83.19794952681387,23.867035627365112,7,14.88,15000,15000,"4,10,22,41,42,54,96"
random_I100_J500_B15.0_R6.5_s42,43,tabu_search,21099.0,83.19794952681387,24.267221450805664,7,14.88,15000,15000,"4,10,22,41,42,54,96"
random_I100_J500_B15.0_R6.5_s42,44,tabu_search,21099.0,83.19794952681387,24.879083395004272,7,14.88,15000,15000,"4,10,22,41,42,54,96"
random_I100_J500_B15.0_R6.5_s42,42,tabu_search,21099.0,83.19794952681387,22.30349373817444,7,14.88,15000,15000,"4,10,22,41,42,54,96"
random_I100_J500_B15.0_R6.5_s42,43,tabu_search,21099.0,83.19794952681387,23.540279865264893,7,14.88,15000,15000,"4,10,22,41,42,54,96"
random_I100_J500_B15.0_R6.5_s42,44,tabu_search,21099.0,83.19794952681387,23.193138122558594,7,14.88,15000,15000,"4,10,22,41,42,54,96"
random_I100_J500_B15.0_R6.5_s42,42,tabu_search,21099.0,83.19794952681387,22.49966335296631,7,14.88,15000,15000,"4,10,22,41,42,54,96"
random_I100_J500_B15.0_R6.5_s42,43,tabu_search,21099.0,83.19794952681387,23.13913631439209,7,14.88,15000,15000,"4,10,22,41,42,54,96"
random_I100_J500_B15.0_R6.5_s42,44,tabu_search,21099.0,83.19794952681387,21.747971773147583,7,14.88,15000,15000,"4,10,22,41,42,54,96"
random_I100_J500_B15.0_R6.5_s42,42,tabu_search,21099.0,83.19794952681387,23.891467332839966,7,14.88,15000,15000,"4,10,22,41,42,54,96"
random_I100_J500_B15.0_R6.5_s42,43,tabu_search,21099.0,83.19794952681387,22.764660835266113,7,14.88,15000,15000,"4,10,22,41,42,54,96"
random_I100_J500_B15.0_R6.5_s42,44,tabu_search,21099.0,83.19794952681387,24.10023307800293,7,14.88,15000,15000,"4,10,22,41,42,54,96"
random_I100_J500_B15.0_R6.5_s42,42,tabu_search,21099.0,83.19794952681387,22.96346926689148,7,14.88,15000,15000,"4,10,22,41,42,54,96"
random_I100_J500_B15.0_R6.5_s42,43,tabu_search,21099.0,83.19794952681387,25.03962278366089,7,14.88,15000,15000,"4,10,22,41,42,54,96"
random_I100_J500_B15.0_R6.5_s42,44,tabu_search,21099.0,83.19794952681387,22.74128818511963,7,14.88,15000,15000,"4,10,22,41,42,54,96"
random_I100_J500_B15.0_R6.5_s42,42,tabu_search,21099.0,83.19794952681387,23.127877950668335,7,14.88,15000,15000,"4,10,22,41,42,54,96"
random_I100_J500_B15.0_R6.5_s42,43,tabu_search,21099.0,83.19794952681387,23.967759132385254,7,14.88,15000,15000,"4,10,22,41,42,54,96"
random_I100_J500_B15.0_R6.5_s42,44,tabu_search,21099.0,83.19794952681387,23.575563669204712,7,14.88,15000,15000,"4,10,22,41,42,54,96"
test_tiny,42,greedy,142.0,93.42105263157895,3.981590270996094e-05,2,4.0,0,0,"2,3"
test_tiny,42,closest_neighbor,142.0,93.42105263157895,4.124641418457031e-05,2,4.0,0,0,"2,3"
test_tiny,42,local_search,142.0,93.42105263157895,0.001028299331665039,2,4.0,18,20,"2,3"
test_tiny,42,tabu_search,142.0,93.42105263157895,0.22058987617492676,2,4.0,15000,15000,"2,3"
random_I100_J500_B15.0_R6.5_s42,42,greedy,20248.0,79.8422712933754,0.003262758255004883,8,14.89,0,0,"9,10,22,32,41,42,54,96"
random_I100_J500_B15.0_R6.5_s42,42,closest_neighbor,20289.0,80.00394321766562,0.0003561973571777344,8,14.719999999999999,0,0,"9,10,18,22,36,42,50,96"
random_I100_J500_B15.0_R6.5_s42,42,local_search,21099.0,83.19794952681387,0.2282276153564453,7,14.88,144,20,"4,10,22,41,42,54,96"
random_I100_J500_B15.0_R6.5_s42,42,tabu_search,21099.0,83.19794952681387,22.982189416885376,7,14.88,15000,15000,"4,10,22,41,42,54,96"
random_I100_J500_B20.0_R6.5_s43,42,greedy,22221.0,87.33296651469895,0.00461268424987793,11,19.55,0,0,"0,2,9,27,53,81,82,87,90,91,99"
random_I100_J500_B20.0_R6.5_s43,42,closest_neighbor,20643.0,81.1311114604622,0.0003070831298828125,9,19.25,0,0,"0,41,54,70,74,81,82,90,91"
random_I100_J500_B20.0_R6.5_s43,42,local_search,22448.0,88.22512183618927,0.6693882942199707,10,19.88,158,20,"9,27,53,63,74,81,82,87,91,98"
random_I100_J500_B20.0_R6.5_s43,42,tabu_search,22549.0,88.62207200125766,32.57324481010437,10,19.92,15000,15000,"0,9,27,53,60,74,81,87,90,91"
